<?xml version="1.0" encoding="UTF-8"?>
<project-private xmlns="http://www.netbeans.org/ns/project-private/1">
    <editor-bookmarks xmlns="http://www.netbeans.org/ns/editor-bookmarks/2" lastBookmarkId="2">
        <file>
            <url>src/Aplicacion/VentanaGCompleta.java</url>
            <bookmark id="2">
                <name/>
                <line>50</line>
                <key/>
            </bookmark>
        </file>
        <file>
            <url>src/Aplicacion/VentanaPrincipal.java</url>
            <bookmark id="1">
                <name/>
                <line>155</line>
                <key/>
            </bookmark>
        </file>
    </editor-bookmarks>
    <open-files xmlns="http://www.netbeans.org/ns/projectui-open-files/2">
        <group>
            <file>file:/Users/ignacio/Desktop/Pr4/src/Aplicacion/VentanaPrincipal.java</file>
            <file>file:/Users/ignacio/Desktop/Pr4/src/Aplicacion/VentanaExpertos.java</file>
            <file>file:/Users/ignacio/Desktop/Pr4/src/Aplicacion/VentanaColaboraciones.java</file>
            <file>file:/Users/ignacio/Desktop/Pr4/src/Aplicacion/VentanaGCompleta.java</file>
            <file>file:/Users/ignacio/Desktop/Pr4/src/Aplicacion/VentanaCasos.java</file>
        </group>
    </open-files>
</project-private>
