<?xml version="1.0" encoding="UTF-8"?>
<project-private xmlns="http://www.netbeans.org/ns/project-private/1">
    <editor-bookmarks xmlns="http://www.netbeans.org/ns/editor-bookmarks/2" lastBookmarkId="0"/>
    <open-files xmlns="http://www.netbeans.org/ns/projectui-open-files/2">
        <group>
            <file>file:/H:/Uni/3er%20año/1er%20cuatri/PCD/Practicas/P6/Solucion2/src/filosofos_misemaforo/Canvas_Filosofos.java</file>
            <file>file:/H:/Uni/3er%20año/1er%20cuatri/PCD/Practicas/P6/Solucion2/src/filosofos_misemaforo/Filosofo.java</file>
            <file>file:/H:/Uni/3er%20año/1er%20cuatri/PCD/Practicas/P6/Solucion2/src/filosofos_misemaforo/FilFrame.java</file>
        </group>
    </open-files>
</project-private>
